region_search,year,title,date,media,desc,link
Canada,2018,‘It’s a godsend’: Health Canada approves new type 2 diabetes drug amid shortage,2025-08-01,CHEK News,"Health Canada has approved a new medication that can fight type 2 diabetes, amid a global shortage of Ozempic that tens of thousands of British Columbians are...",https://cheknews.ca/its-a-godsend-health-canada-approves-new-type-2-diabetes-drug-amid-shortage-1176067
Canada,2022,Canada’s pharmacies grapple with shortages. These drugs are facing the pinch,2025-08-01,Global News,"The persistent shortage of Lenoltec No. 4, the generic counterpart of Tylenol 4, and Ozempic, a widely-used drug for type 2 diabetes, has extended over...",https://globalnews.ca/news/10098307/drug-shortages-canada-ozempic-generic-tylenol-4
Canada,2022,Global Ozempic shortage plagues Ontario diabetics and pharmacists,2025-08-01,CBC,A global shortage of the diabetes medication Ozempic — something experts attribute in part to the trend of prescribing it for weight loss — is causing...,https://www.cbc.ca/news/canada/ottawa/ozempic-shortage-ontario-diabetes-patients-weight-loss-1.7027115
Canada,2022,"Fewer than 5,000 bottles of Turkish children’s medication purchased by Alberta made it to pharmacies",2025-08-01,The Globe and Mail,The government of Alberta only received 1.5 million of the five million bottles that were part of a $75-million deal with Istanbul-based Atabay...,https://www.theglobeandmail.com/canada/alberta/article-fewer-than-5000-bottles-of-turkish-childrens-medication-purchased-by
Canada,2022,Ozempic shortage has disproportionate impact on N.W.T.'s Indigenous population,2025-08-01,CBC,A global shortage of a drug used for Type 2 diabetes is being felt in the NWT and could disproportionately affect Indigenous people.,https://www.cbc.ca/news/canada/north/ozempic-shortage-nwt-1.7036500
Canada,2022,Sponsored: Sandoz launches new initiative tackling drug shortages in Canada,2025-08-01,National Post,"Our plan is to take a deeper dive into each drug's history of shortages starting with the frequency or type of shortage, and then perform advanced diagnostics.",https://nationalpost.com/sponsored/health-sponsored/sandoz-launches-new-initiative-tackling-drug-shortages-in-canada
Canada,2021,There’s a painkiller shortage in Canada. Here’s what to know,2025-07-29,Radio-Canada,"There is a shortage of some commonly-prescribed painkillers in Canada, as companies that supply them deal with manufacturing disruptions and increased...",https://ici.radio-canada.ca/rci/en/news/2182269/painkiller-shortage-canada
Canada,2020,‘Extremely unfortunate situation’: Canada has shortages of these common painkillers,2025-07-29,CTV News,"It may be tougher to find some common painkillers for chronic pain and surgeries this summer, with a Canadian pharmacist group saying the shortages could...",https://www.ctvnews.ca/health/article/extremely-unfortunate-situation-canada-has-a-shortage-of-these-common-painkillers-heres-an-experts-advice
Canada,2020,Pharmacists limiting prescriptions due to shortage of common painkillers,2025-07-29,CTV News,Some of the most common painkillers are getting hard to find at drug stores in Ottawa and across Canada.,https://www.ctvnews.ca/ottawa/article/pharmacists-limiting-prescriptions-due-to-shortage-of-common-painkillers
Canada,2020,Canada is facing a shortage of common prescription painkillers. Here’s who could be most affected,2025-07-28,Toronto Star,A prescription pill bottle containing oxycodone and acetaminophen. The drug shortage was caused by manufacturing issues at a major supplier.,https://www.thestar.com/news/canada/canada-is-facing-a-shortage-of-common-prescription-painkillers-heres-who-could-be-most-affected/article_e799f56c-6ffc-4721-b608-c76fd6fee381.html
Canada,2024,Canada Facing Nationwide Shortages of Opioid Pain Medication,2025-07-26,Pain News Network,By Pat Anson. Pain patients in the United States have been dealing with persistent shortages of opioid pain medication for years. Now their counterparts in...,https://www.painnewsnetwork.org/stories/2025/7/26/canada-facing-nationwide-shortages-of-opioid-pain-medication
Canada,2023,Canada experiencing shortage of certain commonly used painkillers,2025-07-25,Daily Hive,Canada is experiencing a nationwide shortage of commonly used prescription pain medication that could last until early August.,https://dailyhive.com/canada/pain-medication-shortage-canada
Canada,2023,Canada is facing a nationwide shortage of these prescription painkillers,2025-07-25,Global News,"Two types of painkillers are experiencing a nationwide shortage in Canada, leading Health Canada to advise patients to consult doctors and pharmacists for...",https://globalnews.ca/news/11302308/painkillers-drug-shortage-acetaminophen
Canada,2023,Canada faces pain medicine shortage and here’s what can you do,2025-07-25,The Economic Times,"Canada is grappling with a nationwide shortage of prescription pain medications containing acetaminophen with codeine or oxycodone, impacting drugs like...",https://m.economictimes.com/news/international/canada/how-long-will-canadas-pain-medicine-shortage-last-and-what-can-you-do/articleshow/122893438.cms
Canada,2020,Alberta on the hook for tens of millions for children’s medication that may never arrive,2025-07-02,The Globe and Mail,Alberta is unlikely to receive the vast majority of children's pain-relief medication that Premier Danielle Smith spent nearly $75-million procuring from...,https://www.theglobeandmail.com/canada/alberta/article-alberta-on-the-hook-for-tens-of-millions-for-childrens-medication-that
Canada,2022,"National Ozempic shortage impacting locals with diabetes, pharmacists",2025-07-02,CBC,"An ongoing national shortage of the 1 mg Ozempic injectable is making it hard to find all dosages, like the 0.25 mg dosage shown here.",https://www.cbc.ca/news/canada/calgary/ozempic-shortage-calgary-1.6989883
Canada,2018,B.C. man advocates for epileptic seizure treatment not available in Canada,2025-06-02,Maple Ridge-Pitt Meadows News,Daniel DelBianco diagnosed with drug-resistant epilepsy.,https://www.mapleridgenews.com/sports/bc-man-advocates-for-epileptic-seizure-treatment-not-available-in-canada-4981918
Canada,2022,Litigation against telehealth companies will make medications less available.,2025-06-02,Psychology Today,Stimulant medication used to treat attention deficit hyperactivity disorder (ADHD) has been in short supply since at least October 2022.,https://www.psychologytoday.com/ca/blog/its-not-just-in-your-head/202406/adhd-medication-the-shortage-is-getting-worse
Canada,2022,"Alberta paid more than six times usual price for pain medications in $70-million import deal, according to government briefing note",2025-06-02,The Globe and Mail,Alberta purchased children's pain medication from Turkey at a price more than six times greater than what the provincial health authority normally pays.,https://www.theglobeandmail.com/canada/alberta/article-alberta-turkish-pain-medication-deal-prices
Canada,2022,"Shortage of diabetes, weight-loss drug Ozempic expected in Canada, says manufacturer",2025-05-03,CBC,"A shortage of diabetes drug Ozempic that is used off-label for weight loss is expected in Canada, manufacturer Novo Nordisk and Health Canada said on Friday.",https://www.cbc.ca/news/health/shortage-of-diabetes-weight-loss-drug-ozempic-expected-in-canada-says-manufacturer-1.6940626
Canada,2022,Transit Windsor has a bus driver shortage — and drug testing is one reason why,2025-05-03,CBC,"There aren't enough city bus drivers, and hiring new ones has proved difficult, according to Transit Windsor's executive director. The service provider is...",https://www.cbc.ca/news/canada/windsor/transit-windsor-bus-driver-shortage-drug-testing-reasons-1.6943854
Canada,2022,Shortage of diabetes and weight loss drug Ozempic expected in Canada: manufacturer,2025-05-03,thecanadianpressnews.ca,"A shortage of diabetes drug Ozempic that is used off-label for weight loss is expected in Canada, manufacturer Novo Nordisk and Health Canada said on Friday.",https://www.thecanadianpressnews.ca/health/shortage-of-diabetes-and-weight-loss-drug-ozempic-expected-in-canada-manufacturer/article_9739309d-dd6e-54b9-87d0-dc4d248cf927.html
Canada,2022,Ozempic may soon be hard to find in Canada as supplier cites shortage,2025-05-03,Global News,"A shortage of diabetes drug Ozempic that is used off-label for weight loss is expected in Canada, manufacturer Novo Nordisk and Health Canada said on Friday.",https://globalnews.ca/news/9905146/ozempic-shortage-canada-drug-supplier
Canada,2022,Shortage of diabetes and weight loss drug Ozempic expected in Canada: manufacturer,2025-05-03,Sudbury News,"A shortage of diabetes drug Ozempic that is used off-label for weight loss is expected in Canada, manufacturer Novo Nordisk and Health Canada said on Friday.",https://www.sudbury.com/beyond-local/shortage-of-diabetes-and-weight-loss-drug-ozempic-expected-in-canada-manufacturer-7430037
Canada,2020,Canada lists blood pressure medication on drug shortages site,2025-05-03,CTV News,Canada has listed two brands of the high blood pressure medication Chlorthalidone on its drug shortages site.,https://www.ctvnews.ca/health/article/canada-lists-blood-pressure-medication-on-drug-shortages-site
Canada,2025,"Shortage of diabetes, weight-loss drug Ozempic expected in Canada, says manufacturer",2025-05-03,Radio-Canada,Novo Nordisk says it is experiencing a temporary supply disruption with an injection pen.,https://ici.radio-canada.ca/rci/en/news/2004285/ozempic-shortage-weight-loss-canada
Canada,2021,Shortage of diabetes and weight loss drug Ozempic expected in Canada: manufacturer,2025-05-03,CityNews Kitchener,"A shortage of diabetes drug Ozempic that is used off-label for weight loss is expected in Canada, manufacturer Novo Nordisk and Health Canada said on Friday.",https://kitchener.citynews.ca/2023/08/18/cp-newsalert-shortage-of-diabetes-drug-ozempic-expected-in-canada-supplier-says
Canada,2024,"Medication for abortion or miscarriage management unavailable at most Hamilton, Ontario pharmacies, survey finds",2025-04-03,Medical Xpress,"A medication commonly used for abortion or miscarriage management is only available at six percent of Hamilton, Ontario pharmacies, according to a McMaster...",https://medicalxpress.com/news/2023-07-medication-abortion-miscarriage-unavailable-hamilton.html
Canada,2024,2023 Year in Review—Canada’s Top 10 Drug and Medical Device Regulatory/Legal Issues,2025-04-03,Food and Drug Law Institute (FDLI),"By Eileen McMahon, Teresa Reguly, Yolande Dufresne & Sue Fei. Canada has made a number of updates to its drug and medical device regulations and guidelines...",https://www.fdli.org/2024/05/2023-year-in-review-canadas-top-10-drug-and-medical-device-regulatory-legal-issues
Canada,2024,Danielle Smith says province is working to send unused Turkish pain medication to Ukraine,2025-04-03,CBC,Smith told reporters Friday that an unnamed group had approached the government with the idea to ship unused medication from Turkey to war-torn areas around...,https://www.cbc.ca/news/canada/calgary/smith-ukraine-turkish-pain-medication-1.7478450
Canada,2024,Trade tariffs on Canadian pharmaceuticals expected to increase costs in the US and strain drug supply chains,2025-04-03,Medical Xpress,"Up to $3 billion in pharmaceuticals currently used in the United States (U.S.) depend on Canadian manufacturing, according to new research findings from the...",https://medicalxpress.com/news/2025-04-tariffs-canadian-pharmaceuticals-strain-drug.html
Canada,2023,Alberta health minister says children's pain meds from Turkey are safe for patients overseas,2025-04-03,CBC,"Adriana LaGrange calls the children's acetaminophen, manufactured by Turkey-based Atabay Pharmaceuticals, “good quality drugs.” It stopped being used in...",https://www.cbc.ca/news/canada/edmonton/alberta-health-minister-says-children-s-pain-meds-from-turkey-are-safe-for-patients-overseas-1.7479616
Canada,2021,"‘I have no dose for anyone right now’: Drug shortage hits cardiologists in Canada, leading to delays",2025-04-03,Cardiovascular Business,"Heart patients in Canada are experiencing delays care due to a countrywide shortage of dipyridamole, an antiplatelet medication that is also used to dilate...",https://cardiovascularbusiness.com/topics/clinical/pharmaceutics/drug-shortage-hits-cardiologists-canada
Canada,2021,"Medication for abortion or miscarriage management unavailable at most Hamilton pharmacies, survey finds",2025-04-03,Faculty of Health Sciences - McMaster University,"A medication commonly used for abortion or miscarriage management is only available at six per cent of Hamilton, Ont. pharmacies, according to a McMaster...",https://healthsci.mcmaster.ca/medication-for-abortion-or-miscarriage-management-unavailable-at-most-hamilton-pharmacies-survey-finds
Canada,2020,Proposed Regulations to Mitigate Drug and Device Shortages in Canada,2025-03-04,Fasken,The Proposed Amendments aim to mitigate shortages that negatively impact Canadians' access to drug and medical devices.,https://www.fasken.com/en/knowledge/2025/02/proposed-regulations-to-mitigate-drug-and-device-shortages-in-canada
Canada,2020,Health Canada Proposes Regulations to Mitigate Drug and Medical Device Shortages,2025-03-04,"Blake, Cassels",Health Canada recently published draft regulations to address therapeutic product shortages in Canada. The Regulations Amending Certain Regulations Made...,https://www.blakes.com/insights/health-canada-proposes-regulations-to-mitigate-drug-and-medical-device-shortages
Canada,2020,Diabetes medication Humalog faces shortage in Canada,2025-03-04,Global News,Eli Lilly has issued a warning regarding the shortage of an insulin product in both Canada and the U.S. that is expected to persist until mid-April.,https://globalnews.ca/news/10404749/diabetes-medication-humalog-shortage-canada
Canada,2024,90-year-old Kitchener man struggling with epilepsy amid medication shortage,2025-02-02,CityNews Kitchener,"By Nicole Ireland, The Canadian Press. Posted Jan 3, 2025 11:01:55 AM. Last Updated Jan 3, 2025 11:02:02 AM. The Canadian Epilepsy Alliance says an ongoing...",https://kitchener.citynews.ca/2025/01/03/90-year-old-kitchener-man-struggling-with-epilepsy-amid-medication-shortage
Canada,2024,Albertan with rare blood cancer calls on Health Canada to approve life-saving drug,2025-02-02,CTV News,"An Alberta woman living with a rare form of blood cancer is calling on Health Canada to approve a new form of a drug that saved her life, as a worldwide...",https://www.ctvnews.ca/calgary/article/albertan-with-rare-blood-cancer-calls-on-health-canada-to-approve-life-saving-drug
Canada,2024,Toronto man in $36M drug trafficking operation gets sentencing delayed as partner expects their 1st child,2025-02-02,CBC,"Marvin Watson was expected to be sentenced Tuesday to significant jail time over a $36-million drug trafficking case, but the case was adjourned until July.",https://www.cbc.ca/news/canada/windsor/drug-trafficking-ambassador-bridge-windsor-1.7424618
Canada,2020,Alberta working to get money's worth on Turkish medication deal after 2 years,2025-01-03,CBC,The province spent $70 million upfront to import five million bottles from Turkey-based Atabay Pharmaceuticals. But Alberta Health Services said Friday that...,https://www.cbc.ca/news/canada/calgary/alberta-turkish-tylenol-deal-1.7404205
Canada,2020,Medication shortage concerning some epilepsy patients,2025-01-03,YouTube,"Health Canada is reporting a shortage of Teva-Clobazam, a medication used to treat seizures. It's a shortage one Kitchener woman fears will have...",https://www.youtube.com/watch%3Fv%3D2_8d6Yqn8O8
Canada,2020,Why Are Drugs Cheaper in Canada?,2025-01-03,Verywell Health,Florida has proposed a plan to import cheaper medication from Canada. The list prices of many brand-name prescription medications are nearly three times...,https://www.verywellhealth.com/america-versus-canada-drug-prices-8567551
Canada,2020,"Why is there an ADHD medication shortage in 2024? What's making generics of Vyvanse, Adderall and more so scarce",2025-01-03,CBS News,"Generic versions of the ADHD medications Adderall, Vyvanse, and Concerta remain in shortage in 2024.",https://www.cbsnews.com/news/adhd-medication-shortage-cause
Canada,2019,Canada issues warning as Florida plan to import drugs raises fears,2024-12-04,Global News,"Health Canada has responded to Friday's ruling from the U.S. FDA, which raised concerns about potential impacts on the Canadian drug supply.",https://globalnews.ca/news/10210913/florida-generic-drugs-health-canada-warning
Canada,2019,"U.S. allowing Florida to import drugs from Canada, reviving fears of shortages",2024-12-04,CBC,The U.S. Food and Drug Administration is allowing Florida to import what could amount to millions of dollars worth of prescription drugs from Canada — but...,https://www.cbc.ca/news/politics/fda-florida-drug-import-canada-1.7075392
Canada,2019,"FDA allows Florida to import drugs from Canada, but Ottawa says it’ll safeguard domestic supply",2024-12-04,The Globe and Mail,"The U.S. Food and Drug Administration is clearing the way for Florida to import pharmaceuticals from Canada, but the Canadian government is warning it would...",https://www.theglobeandmail.com/business/article-fda-florida-canadian-drug-import
Canada,2019,Federal health minister says he won't allow Florida to 'pillage' the drug supply,2024-12-04,CBC,Health Minister Mark Holland says Florida's plan to import cheaper Canadian pharmaceuticals is a non-starter and the federal government will use its regulatory...,https://www.cbc.ca/news/politics/canada-health-minister-florida-pillage-drugs-1.7079641
Canada,2019,Drug Supply Chain Issues More Likely to Result in Shortages in U.S. than Canada,2024-12-04,University of Pittsburgh,Originally published by UPMC. Reposted with permission.Reports of drug-related supply-chain issues were 40% less likely to result in drug shortages in...,https://news.engineering.pitt.edu/drug-supply-chain-issues-more-likely-to-result-in-shortages-in-us-than-canada
Canada,2025,Drug shortages driving Canadians across border,2024-12-04,True North News,"Shortages of over 1,800 medications are driving Canadians into the United States to seek over 1800 medications are on the drug shortage list in Canada,...",https://tnc.news/2024/01/29/drug-shortages-driving-canadians-across-border2
Canada,2025,Ontario limiting access to Ozempic to conserve supply for those with diabetes,2024-12-04,CBC,The Ontario government is taking steps to restrict access to Ozempic and conserve its supply for people with Type 2 diabetes under a province-funded program.,https://www.cbc.ca/news/canada/toronto/ozempic-ontario-drug-access-changes-1.7100352
Canada,2023,Canada has an Ozempic shortage as demand surges. What to know about the drug being used for weight loss and its availability,2024-12-04,The Globe and Mail,"The drug is in short supply in Canada, with manufacturer Novo Nordisk expecting the shortage to last until March.",https://www.theglobeandmail.com/canada/article-ozempic-shortage-obesity-side-effects
Canada,2021,"Amid diabetes drug shortage, Health Canada advises against most new prescriptions of Ozempic",2024-11-04,CBC,"Health Canada is recommending that prescribers not start new patients on diabetes drugs such as Ozempic because of a worldwide shortage, except under certain...",https://www.cbc.ca/news/health/ozempic-shortage-health-canada-1.7051804
Canada,2018,"Why is a COVID drug, that can cure a fatal cat disease, not available to Canadian pet owners?",2024-11-04,Toronto Star,"Thousands of cats who suffer from a fatal disease called Feline Infectious Peritonitis, known as FIP, could be saved by a drug called Remdesivir.",https://www.thestar.com/news/why-is-a-covid-drug-that-can-cure-a-fatal-cat-disease-not-available-to/article_a19f0104-92dc-11ee-a720-b79cd480be01.html
Canada,2021,Chemotherapy Drug Shortage: What You Need to Know,2024-11-04,Breast Cancer.org,"Chemotherapy drug shortages, or shortages of other medicines, can affect your breast cancer treatment course. Here's what you need to know.",https://www.breastcancer.org/news/chemotherapy-drug-shortage
Canada,2023,New Yorkers could be popping cheaper Canadian prescription drugs if proposed bill succeeds,2025-08-05,SILive.com,A bill headed to New York state legislators early next year could lead the way toward legal importation of certain prescription medications from Canada.,https://www.silive.com/news/2024/09/ny-bill-may-pave-way-for-cheaper-prescription-drug-imports-from-canada.html
Canada,2020,Calgary pharmacists dealing with painkiller shortage,2025-08-03,CityNews Calgary,"By Hajar Al Khouzaii. Posted Aug 2, 2025 2:32 pm. Calgary pharmacists are dealing with a Canada-wide shortage of painkillers, saying some medications just...",https://calgary.citynews.ca/2025/08/02/calgary-pharmicsts-painkiller-shortage
Canada,2020,Canadians suffering through unbearable situations as pain medication shortage continues,2025-08-03,CTV News,Manufacturing issues with one major supplier has left pharmacies across the country struggling to supply patients with pain medications.,https://www.ctvnews.ca/video/2025/08/03/canadians-suffering-through-unbearable-situations-as-pain-medication-shortage-continues
Canada,2023,Canada experiencing shortage of certain commonly used painkillers,2025-07-29,Daily Hive,Canada is experiencing a nationwide shortage of commonly used prescription pain medication that could last until early August.,https://dailyhive.com/calgary/pain-medication-shortage-canada
Canada,2025,Painkiller shortage forces Windsor pharmacists to make tough calls,2025-07-22,CTV News,"A national shortage of a commonly prescribed painkiller is being felt locally — forcing Windsor-Essex pharmacists to ration supply, split doses,...",https://www.ctvnews.ca/windsor/article/painkiller-shortage-forces-windsor-pharmacists-to-make-tough-calls
Canada,2025,Alberta strikes deal to off-load remaining stockpile of controversial children's medicine,2025-07-06,CBC,"Alberta's government paid $70 million for children's pain and fever medicine, its front-line health provider says it has worked out a deal to off-load what...",https://www.cbc.ca/news/canada/calgary/alberta-turkish-tylenol-donation-1.7573150
Canada,2021,Alberta signed deal to import medication from Turkey despite recommendations against it,2025-04-07,The Globe and Mail,Documents show the provincial government chose to sign a deal to import the medicine before receiving regulatory clearance from Health Canada.,https://www.theglobeandmail.com/canada/alberta/article-alberta-turkey-pain-medication-deal-against-recommendations
Canada,2024,Sask.'s shortage of pharmacists resulting in reduced hours at drug stores,2025-03-08,CTV News,It's becoming more difficult to find a pharmacy that is open late in Regina and a shortage of pharmacists and expanded duties has resulted in some drug...,https://www.ctvnews.ca/regina/article/sasks-shortage-of-pharmacists-resulting-in-reduced-hours-at-drug-stores
Canada,2019,"Long wait for cancer drug approvals causing 'great anguish' among patients, doctors",2025-02-06,CBC,Canada lags behind other developed countries when it comes to the length of time it takes to approve desperately needed cancer drugs.,https://www.cbc.ca/news/canada/ottawa/long-wait-for-cancer-drug-approvals-causing-great-anguish-among-patients-doctors-1.7431786
Canada,2019,Trump and Trudeau make a deal: Canada-U.S. trade war delayed by ‘at least 30 days’,2025-02-06,CTV News,"US President Donald Trump's tariffs and Canada's retaliatory measures have been delayed by “at least 30 days,” Prime Minister Justin Trudeau announced Monday.",https://www.ctvnews.ca/politics/article/all-hands-on-deck-trudeau-talks-to-trump-as-canadian-politicos-make-final-us-push-ahead-of-tuesday-tariffs
Canada,2025,$49M still outstanding two years after Alberta announced Turkish pain medication purchase,2025-01-07,Edmonton Journal,The Alberta government has an outstanding $49 million credit with the Turkish company contracted to import children's pain medication.,https://edmontonjournal.com/news/politics/alberta-turkish-pain-medication-42-million-outstanding
Canada,2022,There's a painkiller shortage in Canada. Here's what to know,2025-08-01,CBC,There is a shortage of some commonly-prescribed painkillers in Canada — including acetaminophen with codeine and acetaminophen with oxycodone — as companies...,https://www.cbc.ca/news/health/painkiller-shortage-canada-1.7595726
Canada,2022,‘Extremely unfortunate situation’: Canada has shortages of these common painkillers,2025-08-01,CP24,"It may be tougher to find some common painkillers for chronic pain and surgeries this summer, with a Canadian pharmacist group saying the shortages could...",https://www.cp24.com/news/canada/2025/07/29/extremely-unfortunate-situation-canada-has-a-shortage-of-these-common-painkillers-heres-an-experts-advice/%3Ftrk%3Dfeed_main-feed-card_feed-article-content
Canada,2018,Another FDA mini-pause for Bayer's menopause candidate?,2025-08-01,Fierce Pharma,"After FDA layoffs, the agency is struggling to meet its deadlines. The latest example is its failure to rule on Bayer's new menopause treatment.",https://www.fiercepharma.com/pharma/another-fda-mini-pause-bayers-menopause-candidate
Canada,2018,"Mississauga group stole baby formula to trade for drugs, Peel police say",2025-08-01,CBC,"Peel Regional Police have arrested 11 people and laid 33 charges in Mississauga, where baby products were allegedly being exchanged for drugs.",https://www.cbc.ca/news/canada/toronto/baby-products-for-drugs-peel-police-investigation-1.7595505
Canada,2018,Popular painkillers are in short supply nation-wide right now. Here’s what Canadians need to know,2025-08-01,Inside Halton,Health Canada issued a notice confirming acetaminophen with codeine or oxycodone in short supply due to increased demand and manufacturing disruptions.,https://www.insidehalton.com/news/health-canada-painkiller-drug-shortage/article_2d4697ad-133f-5cf3-9f01-fcd7146087eb.html
Canada,2018,Canada’s new drug pricing guidelines are industry-friendly,2025-07-25,The Conversation,"The Patented Medicine Prices Review Board's mandate is to make sure that drug prices are not excessive. However, new guidelines that change criteria for...",https://theconversation.com/canadas-new-drug-pricing-guidelines-are-industry-friendly-261062
Canada,2018,"FDA delays Blenrep decision, putting GSK's multiple myeloma comeback dreams on ice",2025-07-25,Fierce Pharma,"The FDA was set to decide on GSK's proposed Blenrep combinations by July 23. Instead, the agency is now extending its review through Oct. 23.",https://www.fiercepharma.com/pharma/fda-pushes-back-blenrep-decision-date-putting-gsks-multiple-myeloma-comeback-dreams-ice
Canada,2025,Ontario family says drug-maker helped them find epilepsy medication amidst ongoing shortage,2025-01-10,CityNews Kitchener,"Following our story on the Teva-Clobazam shortage, the family says the drug-maker reached out to help them find enough medication to get through the...",https://kitchener.citynews.ca/video/2024/12/17/ontario-family-says-drug-maker-helped-them-find-epilepsy-medication-amidst-ongoing-shortage
Canada,2020,Kids pain product recalled in Canada due to potential overdose risk,2024-12-11,Global News,Health Canada is pulling a pain and fever medicine for children off the shelves because of the “potential risk of overdose.,https://globalnews.ca/news/10234619/children-pain-medicine-recall-canada
Canada,2025,Move to allow Canadian drugs to be imported by U.S. creates shortage fears,2024-11-11,CityNews Kitchener,"By Laura Osman, The Canadian Press. Posted Jan 5, 2024 01:27:10 PM. Last Updated Jan 5, 2024 07:56:13 PM. OTTAWA — A major shift in U.S. policy about buying...",https://kitchener.citynews.ca/2024/01/05/f-d-a-move-to-allow-canadian-drugs-to-be-exported-to-u-s-creates-shortage-fears
Canada,2019,Drug shortages seen as less likely in Canada: study,2024-11-11,Axios,"When global drug supply chain issues crop up, they are 40% less likely to result in a meaningful drug shortage in Canada compared with the U.S.,...",https://www.axios.com/2024/11/04/drug-shortages-less-likely-in-canada-study
Canada,2020,Worldwide shortages of hormone replacement medication leave women struggling,2025-08-09,CBC,Karen Golden can vividly recall the symptoms of menopause she experienced during a shortage of her hormone replacement therapy (HRT) medication five years...,https://www.cbc.ca/radio/day6/hormone-replacement-therapy-shortage-1.7602722
Canada,2022,US judge sides with FDA's removal of Lilly's weight loss drug from shortage list,2025-05-17,Yahoo News Canada,A US federal judge has sided with a US regulator's decision last year to take Eli Lilly's blockbuster weight loss and diabetes drugs Zepbound and Mounjaro off...,https://ca.news.yahoo.com/us-judge-sides-fdas-removal-162420683.html
Canada,2019,"Military now accepting recruits with asthma, ADHD and other conditions amid staffing shortage",2025-03-18,CBC,"As the Canadian Armed Forces continue to try and dig out of a deep recruitment hole, they're starting to give new recruits with medical conditions a shot at...",https://www.cbc.ca/news/politics/military-recruitment-medical-screening-process-change-1.7465456
Canada,2020,Alberta mulling plan to ship pain medication imported from Turkey to Ukraine,2025-03-18,The Globe and Mail,The drugs are part of a $70-million deal made in 2022 that is under scrutiny.,https://www.theglobeandmail.com/canada/alberta/article-alberta-mulling-plan-to-ship-pain-medication-imported-from-turkey-to
Canada,2022,Street-level drug dealer says BC's safe-supply issue is being 'weaponized' - Kelowna News,2025-02-16,Castanet,A BC street-level drug dealer weighs in on the provinces safer-supply efforts. Says recent rhetoric is 'weaponizing' the issue.,https://www.castanet.net/news/Kelowna/478052/Street-level-drug-dealer-says-BC-s-safe-supply-issue-is-being-weaponized-
Canada,2018,B.C. health minister says he expects Ottawa to protect Canadians from drug shortages,2024-11-18,CBC,B.C. Health Minister Adrian Dix says he hopes the federal government will work to protect Canada's drug supply from a bid by Florida to import prescription...,https://www.cbc.ca/news/politics/adrian-dix-drug-supply-threat-1.7076871
Canada,2019,"Drug supply chain issues more likely to result in shortages in US than Canada, study reveals",2024-11-18,Medical Xpress,"Reports of drug-related supply-chain issues were 40% less likely to result in drug shortages in Canada versus the United States, according to a study from...",https://medicalxpress.com/news/2024-10-drug-chain-issues-result-shortages.html
Canada,2025,Canada’s proactive policies reduce drug shortages far more effectively than the U.S.,2024-11-25,News-Medical,Drug-related supply chain issues in Canada were 40% less likely to result in significant drug shortages than in the United States.,https://www.news-medical.net/news/20241104/Canadae28099s-proactive-policies-reduce-drug-shortages-far-more-effectively-than-the-US.aspx
Canada,2025,"Drug shortages more common in the US than Canada, study finds",2024-11-25,Regulatory Affairs Professionals Society | RAPS,"Meaningful drug shortages were less common in Canada than in the US between 2017 and 2021, despite the countries having similar regulatory processes,...","https://www.raps.org/News-and-Articles/News-Articles/2024/11/Drug-shortages-more-common-in-the-US-than-Canada,"
Canada,2020,Ongoing pain medicine shortage,2025-08-01,YouTube,"A nationwide shortage of pain medicine leads MedicalWatch for August 1, 2025. Subscribe to CTV News to watch more videos: https://www.youtube.com/ctvnews...",https://www.youtube.com/watch%3Fv%3DVkEzBS9ZQDE
Canada,2021,Number of new drug shortages U.S. 2025,2025-07-30,Statista,This statistic illustrates the number of annual new drug shortages in the United States from 2001 through June 2025.,https://www.statista.com/statistics/288876/number-of-drug-shortages
Canada,2020,"National shortage of prescription pain meds, like Percocet, sparks major concern in Canada",2025-07-30,New York Post,This news must have been a hard pill to swallow. There is a nationwide shortage of common prescription pain medications in Canada — and it could last until...,https://nypost.com/2025/07/26/world-news/shortage-of-pain-meds-like-percocet-sparks-concern-in-canada
Canada,2023,Is Purchasing Canadian Drugs Legal?,2025-06-30,ElderLawAnswers,"In most cases, it is illegal to purchase drugs from Canada for personal use, per the Food and Drug Administration.",https://www.elderlawanswers.com/buying-prescription-drugs-from-canada-legal-or-illegal-1204
Canada,2022,B.C. man advocates for epileptic seizure treatment not available in Canada,2025-05-31,The Chilliwack Progress,Daniel DelBianco diagnosed with drug-resistant epilepsy.,https://www.theprogress.com/sports/bc-man-advocates-for-epileptic-seizure-treatment-not-available-in-canada-4981918
Canada,2021,Mandated drug decriminalization data delayed,2025-05-01,NanaimoNewsNOW,NANAIMO - Nearly seven months into a pilot project in which possessing small amounts of hard drugs was decrimi...,https://nanaimonewsnow.com/2023/08/16/mandated-drug-decriminalization-data-delayed
Canada,2021,Shortage of diabetes and weight loss drug Ozempic expected in Canada: manufacturer,2025-05-01,St. Albert Gazette,"A shortage of diabetes drug Ozempic that is used off-label for weight loss is expected in Canada, manufacturer Novo Nordisk and Health Canada said on...",https://www.stalbertgazette.com/health/shortage-of-diabetes-and-weight-loss-drug-ozempic-expected-in-canada-manufacturer-7425207
Canada,2021,Shortage of diabetes and weight loss drug Ozempic expected in Canada: manufacturer,2025-05-01,Lethbridge News Now,"A shortage of diabetes drug Ozempic that is used off-label for weight loss is expected in Canada, the manufact...",https://lethbridgenewsnow.com/2023/08/18/shortage-of-diabetes-and-weight-loss-drug-ozempic-expected-in-canada-manufacturer
Canada,2018,"National drug shortage triggers some heart testing delays in Alberta, doctors say",2025-04-01,CBC,A countrywide shortage of drug used for heart imaging is sparking testing delays for some Alberta cardiology patients.,https://www.cbc.ca/news/canada/calgary/dipyridamole-shortage-heart-testing-delays-1.6898809
Canada,2018,Drug Shortages: Does Canada Manage Them Better?,2025-01-31,Medscape,"Oncology drugs tend to “percolate to the top” of shortage lists that prioritize drugs of concern, said expert.",https://www.medscape.com/viewarticle/ama-researchers-aim-reduce-and-better-understand-drug-2025a100008t
Canada,2020,Some epilepsy patients worry their seizures will return amid medication shortage,2025-01-01,Toronto Star,An ongoing shortage of Teva-clobazam is leaving some patients worried they'll start to have seizures again if they switch to an alternative.,https://www.thestar.com/news/ontario/some-epilepsy-patients-worry-their-seizures-will-return-amid-medication-shortage/article_cb89fe41-5c04-5964-8b05-a365feda10fb.html
Canada,2022,Some epilepsy patients worry their seizures will return amid medication shortage,2025-01-01,St. Albert Gazette,TORONTO — The Canadian Epilepsy Alliance says an ongoing shortage of an epilepsy medication is leaving some patients worried they'll start to have seizures...,https://www.stalbertgazette.com/national-news/some-epilepsy-patients-worry-their-seizures-will-return-amid-medication-shortage-9946811
Canada,2019,Reports of drug supply chain issues 40% less likely to cause shortages in Canada than in US,2025-09-05,CIDRAP,"Drug supply chain disruptions led to significant shortages in the United States more often than in Canada from 2017 to 2021, a study today in JAMA suggests.",https://www.cidrap.umn.edu/resilient-drug-supply/reports-drug-supply-chain-issues-40-less-likely-cause-shortages-canada-us
Canada,2019,Calgary man goes without heart medication during national shortage,2025-09-04,CTV News,Fred Fischer is on several medications because of an enlarged heart but has stopped spironolactone due to a national shortage.,https://www.ctvnews.ca/calgary/article/calgary-man-goes-without-heart-medication-during-national-shortage
Canada,2022,‘Extremely unfortunate situation’: Canada has shortages of these common painkillers,2025-08-06,CP24,"It may be tougher to find some common painkillers for chronic pain and surgeries this summer, with a Canadian pharmacist group saying the shortages could...",https://www.cp24.com/news/canada/2025/07/29/extremely-unfortunate-situation-canada-has-a-shortage-of-these-common-painkillers-heres-an-experts-advice
Canada,2025,Some painkillers are in short supply in Canada,2025-08-06,Sudbury News,Health Canada said there is a shortage of painkillers in the country. The Canadian Pharmacists Association website has issued a statement saying that it is...,https://www.sudbury.com/local-news/some-painkillers-are-in-short-supply-in-canada-11027512
Canada,2021,Shortage of diabetes and weight loss drug Ozempic expected in Canada: manufacturer,2025-05-08,saskNOW,"A shortage of diabetes drug Ozempic that is used off-label for weight loss is expected in Canada, manufacturer Novo Nordisk and Health Canada said on Friday...",https://sasknow.com/2023/08/18/shortage-of-diabetes-and-weight-loss-drug-ozempic-expected-in-canada-manufacturer-3
Canada,2025,Trump agrees to pause tariffs on Canada and Mexico after they pledge to boost border enforcement,2025-02-07,BNN Bloomberg,U.S. President Donald Trump held off Monday on his tariff threats against Mexico for one month of further negotiations after Mexican President Claudia...,https://www.bnnbloomberg.ca/business/international/2025/02/03/trump-agrees-to-pause-tariffs-on-mexico-but-import-taxes-still-in-place-for-canada
Canada,2021,Impact of painkiller drug shortage,2025-08-13,CTV News,"Dr. Sadaf Faisal, director of professional affairs at the Canadian Pharmacists Association, discusses concerns about the painkiller drug shortage.",https://www.ctvnews.ca/video/2025/07/29/impact-of-painkiller-drug-shortage
Canada,2025,It’s about to get harder to find your prescription drugs,2025-02-21,Vox,America is finally seeing fewer drug shortages. But Trump's tariffs could reverse that progress.,https://www.vox.com/future-perfect/398161/trump-tariffs-china-prescripton-drugs-medicine-shortage
Canada,2020,"Drug Shortage: Causes, Impact, and Mitigation Strategies",2024-12-23,Frontiers,"Drug shortage is a global issue affecting low, middle, and high-income countries. Many countries have developed various strategies to overcome the problem.",https://www.frontiersin.org/journals/pharmacology/articles/10.3389/fphar.2021.693426/full
Canada,2020,"While Florida eyes Canadian prescription drugs, experts say the bigger issue is existing drug shortages",2025-09-26,Ottawa Citizen,Health Canada vows to safeguard country's drug supply in the wake of a decision allowing Florida to import Canadian prescription drugs.,https://ottawacitizen.com/news/while-florida-eyes-canadian-prescription-drugs-experts-say-the-bigger-issue-is-existing-drug-shortages
Canada,2020,"Court hears jail call revealing how death of B.C. drug dealer, other setbacks delayed arrest of Hells Angel",2025-09-19,CBC,Audio from jail phone calls reviewed in a Winnipeg court Wednesday revealed how a drug-dealer-turned-police-agent faced several setbacks in a years-long...,https://www.cbc.ca/news/canada/manitoba/damion-ryan-trial-winnipeg-jail-call-drug-deals-1.7636162
Canada,2022,Health Canada says Ozempic shortages to continue into 2024,2025-08-27,Global News,"It says Novo Nordisk, which markets Ozempic, is expecting a shortage in Canada of the 0.25 mg, 0.5 mg and 1 mg injection pens until early 2024.",https://globalnews.ca/news/10153462/ozempic-diabetes-drug-shortages-canada-2024
Canada,2022,Shortage of common painkillers leading to some pharmacists limiting prescriptions,2025-08-27,YouTube,Some pharmacists are limiting prescriptions because of a shortage of common painkillers in Canada. CTV's Shaun Vardon reports.,https://www.youtube.com/watch%3Fv%3D-TYyoEuj5Cw
Canada,2020,New drug could be gamechanger for those with Alzheimer’s ... but you can’t get it in Canada,2025-09-30,CTV News,"Two drugs that have shown success in slowing the progression of Alzheimer's disease are not available in Canada, which is now the only country in the G7...",https://www.ctvnews.ca/health/article/families-express-hope-frustration-over-new-alzheimers-drug-not-available-in-canada
Canada,2021,B.C. man advocates for epileptic seizure treatment not available in Canada,2025-06-05,The Williams Lake Tribune,Daniel DelBianco diagnosed with drug-resistant epilepsy.,https://www.wltribune.com/sports/b-c-man-advocates-for-epileptic-seizure-treatment-not-available-in-canada-5558505
Canada,2025,Ontario Court of Appeal: Apotex not entitled to damages for generic drug's delayed market entry,2025-04-06,Law360 Canada,The Ontario Court of Appeal has ruled that generic drugmaker Apotex is not entitled to damages for the delayed entry of a generic drug that was based on a...,https://www.law360.ca/ca/articles/2310522/ontario-court-of-appeal-apotex-not-entitled-to-damages-for-generic-drug-s-delayed-market-entry
Canada,2024,Sentencing delayed due to fatherhood for Toronto man in $36M drug trafficking case,2025-02-05,MSN,"Marvin Watson was expected to be sentenced Tuesday to significant jail time over a $36-million drug trafficking case, but the case was adjourned until July...",https://www.msn.com/en-ca/news/canada/sentencing-delayed-due-to-fatherhood-for-toronto-man-in-36m-drug-trafficking-case/vi-AA1x87vk
Canada,2025,"Wegovy will be available for Canadians in spring 2024, company says",2025-01-06,Global News,"Canadians will be able to get their hands on Wegovy, a weight-loss drug from Ozempic-maker Novo Nordisk, in spring 2024, the company said Monday.",https://globalnews.ca/news/10272929/wegovy-canada-spring-2024
Canada,2025,'We can't search forever:' Drug shortage leaves Ontario family scrambling to find epilepsy medication,2025-01-06,CTV News,"The drug, Teva-Clobazam, has been in short supply in Canada since the summer and as a result, Roland, who lives in Kitchener, Ont., is constantly contacting...",https://www.ctvnews.ca/toronto/article/we-cant-search-forever-drug-shortage-leaves-ontario-family-scrambling-to-find-epilepsy-medication
Canada,2022,"COVID rapid tests hard to find this fall in Sask., and come with a price tag",2025-08-11,CBC,"The Saskatchewan government stopped providing free COVID test kits this spring and many drug stores don't stock them anymore. If you do find one,...",https://www.cbc.ca/news/canada/saskatoon/covid-rapid-tests-hard-to-find-1.7342067
Canada,2024,Prescription painkiller shortage,2025-08-11,YouTube,Pharmacies are dealing with a prescription painkiller shortage as they try to accommodate customers with limited supply. CTV Windsor's Travis Fortnum...,https://www.youtube.com/watch%3Fv%3DVZWGRkVq68w
Canada,2019,Some epilepsy patients worry their seizures will return amid medication shortage,2025-10-17,Vancouver Is Awesome,TORONTO — The Canadian Epilepsy Alliance says an ongoing shortage of an epilepsy medication is leaving some patients worried they'll start to have seizures...,https://www.vancouverisawesome.com/ontario-news/some-epilepsy-patients-worry-their-seizures-will-return-amid-medication-shortage-9946974
Canada,2025,Ozempic maker urges Ottawa to shut down online drug sales to Americans,2025-10-03,The Logic,Novo Nordisk's call comes as generic versions of Ozempic are set to hit the Canadian market—potentially undermining the company's U.S. patent protections.,https://thelogic.co/news/ozempic-wegovy-pharmacy-loophole
Canada,2021,U.S. move to allow Canadian drug import sparks shortage fears up here,2025-09-17,Salmon Arm Observer,Health Canada reminded the pharmaceutical industry Friday about export rules designed to prevent drug shortages after a major shift in U.S. policy on buying...,https://saobserver.net/2024/01/05/us-move-to-allow-canadian-drug-import-sparks-shortage-fears-up-here
Canada,2021,Heart medication shortage,2025-09-17,YouTube,There's a national shortage of a medication that can help prevent heart failure. It's impacting a Calgary man who wants to warn others.,https://www.youtube.com/watch%3Fv%3DF01rdA2dNd8
Canada,2021,"Canada facing ongoing shortage of cold, flu medication",2025-09-17,CHCH,"As Canada faces an ongoing shortage of cold and flu medication, prime minister Justin Trudeau says that he doesn't know if ramping up local production of...",https://www.chch.com/chch-news/canada-facing-ongoing-shortage-of-cold-flu-medication
Canada,2021,Toward a European definition for a drug shortage: a qualitative study,2025-10-24,Frontiers,"Background: Drug shortages are currently on the rise. In-depth investigation of the problem is necessary, however, a variety of definitions for 'drug...",https://www.frontiersin.org/journals/pharmacology/articles/10.3389/fphar.2015.00253/full
Canada,2022,Canada must address potential veterinary drug shortages,2025-08-25,The Western Producer,"Geopolitical issues, tariffs, and limited Canadian manufacturing facilities threaten the supply of critical veterinary drugs, risking animal health.",https://www.producer.com/livestock/canada-must-address-potential-veterinary-drug-shortages
Canada,2023,"Trump’s trade war will lead to drug shortages in Canada, new report warns",2025-06-26,The Logic,"America's global trade war is breaking up delicate supply chains for essential drugs and Canadians should expect shortages, says Mark Lievonen.",https://thelogic.co/news/exclusive/trump-drug-shortages-canada
Canada,2020,Dr. Reddy’s weight-loss drug Semaglutide rollout in Canada delayed over compliance notice,2025-10-30,The Hindu,"Dr. Reddy's Semaglutide weight-loss drug launch in Canada faces delays due to regulatory compliance issues, impacting share prices.",https://www.thehindu.com/business/Industry/dr-reddys-weight-loss-drug-semaglutide-rollout-in-canada-delayed-over-compliance-notice/article70220441.ece/amp
Canada,2020,Dr. Reddy’s weight-loss drug Semaglutide rollout in Canada suffers setback,2025-10-30,The Hindu,"Dr. Reddy's Semaglutide weight-loss drug launch in Canada faces delays due to regulatory compliance issues, impacting share prices.",https://www.thehindu.com/business/Industry/dr-reddys-weight-loss-drug-semaglutide-rollout-in-canada-delayed-over-compliance-notice/article70220441.ece
Canada,2021,"Medication for abortion or miscarriage management unavailable at most Hamilton pharmacies, survey finds",2025-10-01,McMaster News,"A medication commonly used for abortion or miscarriage management is only available at six per cent of Hamilton, Ont. pharmacies, according to a McMaster...",https://news.mcmaster.ca/medication-for-abortion-or-miscarriage-management-unavailable-at-most-hamilton-pharmacies-survey-finds
Canada,2022,New drug could be gamechanger for those with Alzheimer’s ... but you can’t get it in Canada,2025-10-01,CP24,"Two drugs that have shown success in slowing the progression of Alzheimer's disease are not available in Canada, which is now the only country in the G7...",https://www.cp24.com/news/canada/2025/09/30/families-express-hope-frustration-over-new-alzheimers-drug-not-available-in-canada
Canada,2019,Shortage of diabetes and weight loss drug Ozempic expected in Canada: manufacturer,2025-05-04,rdnewsnow.com,"A shortage of diabetes drug Ozempic that is used off-label for weight loss is expected in Canada, the manufacturer says.",https://rdnewsnow.com/2023/08/18/shortage-of-diabetes-and-weight-loss-drug-ozempic-expected-in-canada-manufacturer
Canada,2020,Shortage of diabetes and weight loss drug Ozempic expected in Canada: manufacturer,2025-05-04,TownAndCountryToday.com,"A shortage of diabetes drug Ozempic that is used off-label for weight loss is expected in Canada, manufacturer Novo Nordisk and Health Canada said on...",https://www.townandcountrytoday.com/health/shortage-of-diabetes-and-weight-loss-drug-ozempic-expected-in-canada-manufacturer-7425207
Canada,2020,Shortage of prescription painkillers in Canada expected to last until 2026,2025-11-04,CBC,"Canadian pharmacists say a shortage of medications that contain oxycodone is expected to continue into the new year, while supply of another type of...",https://www.cbc.ca/news/health/painkiller-prescription-shortage-9.6965942
